{
	"name":"專利搜尋",
	"children":[
	{
		"name":"第幾個Group",
		"children": [    // 關鍵字們
			{"name":"關鍵字","size":"wordcount值","group":"第幾group"},
			{"name":"關鍵字","size":"wordcount值","group":"第幾group"},
			{"name":"關鍵字","size":"wordcount值","group":"第幾group"}
		]
	},
	{
		"name":"第幾個Group",
		"children": [    // 關鍵字們
			{"name":"關鍵字","size":"wordcount值","group":"第幾group"},
			{"name":"關鍵字","size":"wordcount值","group":"第幾group"},
			{"name":"關鍵字","size":"wordcount值","group":"第幾group"}
		]
	},
	{
		"name":"第幾個Group",
		"children": [    // 關鍵字們
			{"name":"關鍵字","size":"wordcount值","group":"第幾group"},
			{"name":"關鍵字","size":"wordcount值","group":"第幾group"},
			{"name":"關鍵字","size":"wordcount值","group":"第幾group"}
		]
	}
	]
}